subject_id,person_id,dataset_family,split,n_frames,fps
10-gt,10-gt,DATASET_1,train,1226,28.672
11-gt,11-gt,DATASET_1,train,2300,28.672
5-gt,5-gt,DATASET_1,train,2409,28.672
6-gt,6-gt,DATASET_1,train,2383,28.672
8-gt,8-gt,DATASET_1,train,2102,28.672
after-exercise,after-exercise,DATASET_1,train,3368,28.638
subject11,subject11,DATASET_2,train,2031,29.701
subject14,subject14,DATASET_2,train,1993,29.372
subject15,subject15,DATASET_2,train,2020,29.591
subject16,subject16,DATASET_2,train,2050,29.932
subject18,subject18,DATASET_2,train,2034,29.748
subject20,subject20,DATASET_2,train,2016,29.505
subject3,subject3,DATASET_2,train,1801,29.548
subject4,subject4,DATASET_2,train,1368,29.609
subject8,subject8,DATASET_2,train,2022,29.888
subject10,subject10,DATASET_2,val,2024,29.875
subject12,subject12,DATASET_2,val,1989,29.030
subject9,subject9,DATASET_2,val,2016,29.540
subject1,subject1,DATASET_2,test,1547,29.264
subject13,subject13,DATASET_2,test,2018,29.790
subject17,subject17,DATASET_2,test,2046,29.933
subject5,subject5,DATASET_2,test,1550,29.662
