subject_id,dataset_family,condition,gt_hr,chrom_hr,chrom_err,pos_hr,pos_err,physnet_ubfc_hr,physnet_ubfc_err,physnet_pure_hr,physnet_pure_err
10-gt,DATASET_1,resting,70.09896173802909,71.03741264928253,0.9384509112534403,71.03741264928253,0.9384509112534403,138.8671875,68.76822576197091,70.751953125,0.6529913869709105
11-gt,DATASET_1,resting,78.69937168082744,76.47267846329245,-2.2266932175349865,78.99375577526914,0.2943840944416962,79.1015625,0.40219081917256005,159.08203125,80.38265956917256
5-gt,DATASET_1,resting,76.51789833611143,76.47117342177282,-0.046724914338611256,76.47117342177282,-0.046724914338611256,147.65625,71.13835166388857,154.248046875,77.73014853888857
6-gt,DATASET_1,resting,84.26935536276848,84.4548104536342,0.185455090865716,84.4548104536342,0.185455090865716,166.552734375,82.28337901223152,181.93359375,97.66423838723152
8-gt,DATASET_1,resting,62.37400476221175,58.82754759694045,-3.546457165271299,58.82754759694045,-3.546457165271299,118.65234375,56.27833898778825,62.841796875,0.4677921127882527
after-exercise,DATASET_1,after-exercise,105.5625430590877,104.0656644111041,-1.496878647983607,104.485284025665,-1.0772590334227061,105.908203125,0.34566006591229836,103.7109375,-1.8516055590877016
subject1,DATASET_2,resting,107.51899191750013,107.23767669875133,-0.2813152187488015,107.23767669875133,-0.2813152187488015,107.2265625,-0.29242941750013074,107.2265625,-0.29242941750013074
subject10,DATASET_2,resting,119.52896564327486,119.96965540062718,0.44068975735231675,119.53180994296065,0.0028442996857904745,119.091796875,-0.4371687682748586,119.53125,0.0022843567251413788
subject11,DATASET_2,resting,127.0442403663352,87.056656906173,-39.9875834601622,127.1027190830126,0.058478716677399234,127.44140625,0.39716588366479755,127.001953125,-0.04228724133520245
subject12,DATASET_2,resting,65.17491344192727,65.0943724787298,-0.08054096319747828,65.0943724787298,-0.08054096319747828,65.0390625,-0.13585094192727354,65.0390625,-0.13585094192727354
subject13,DATASET_2,resting,109.55625346068662,109.58602253453071,0.02976907384409344,109.14942483518995,-0.4068286254966722,109.423828125,-0.1324253356866194,109.423828125,-0.1324253356866194
subject14,DATASET_2,resting,75.70877475393411,70.59705592470468,-5.1117188292294315,80.92833240149072,5.219557647556613,148.095703125,72.38692837106589,75.5859375,-0.12283725393410805
subject15,DATASET_2,resting,110.95812154857988,117.09085136370497,6.132729815125089,58.545425681852485,-52.4126958667274,116.455078125,5.496956576420118,116.455078125,5.496956576420118
subject16,DATASET_2,resting,92.12113569133008,92.55907746871566,0.43794177738557494,92.55907746871566,0.43794177738557494,95.80078125,3.679645558669918,95.80078125,3.679645558669918
subject17,DATASET_2,resting,86.97091128429477,84.66598284926556,-2.304928435029211,89.0528213388648,2.081910054570031,84.814453125,-2.156458159294772,84.814453125,-2.156458159294772
subject18,DATASET_2,resting,127.69376750687479,123.81634029630243,-3.877427210572364,124.25231332551478,-3.4414541813600152,123.92578125,-3.767986256874792,123.92578125,-3.767986256874792
subject20,DATASET_2,resting,131.8185726411919,131.45679291439205,-0.3617797267998526,131.45679291439205,-0.3617797267998526,131.8359375,0.017364858808093686,131.8359375,0.017364858808093686
subject3,DATASET_2,resting,98.72242435867977,87.48144601515298,-11.240978343526791,82.2845284300944,-16.437895928585377,98.876953125,0.15452876632022594,98.876953125,0.15452876632022594
subject4,DATASET_2,resting,110.52387717913223,110.68228471418936,0.15840753505713678,105.47370660999223,-5.050170569139993,110.7421875,0.21831032086777213,110.7421875,0.21831032086777213
subject5,DATASET_2,resting,99.72059213164526,99.99931129017207,0.27871915852681184,99.56453167586699,-0.15606045577827388,99.755859375,0.0352672433547383,99.755859375,0.0352672433547383
subject8,DATASET_2,resting,111.22832902732193,111.26104107294309,0.03271204562115315,110.82300547816772,-0.4053235491542182,111.181640625,-0.04668840232193361,111.181640625,-0.04668840232193361
subject9,DATASET_2,resting,105.56764240506328,105.20070458351427,-0.36693782154901555,70.13380305567618,-35.4338393493871,109.423828125,3.856185719936718,115.13671875,9.569076344936718
